{
	"class_name" : "PinholeCameraParameters",
	"extrinsic" : 
	[
		0.82654591451020964,
		0.40565115623093628,
		-0.39021659454075736,
		0.0,
		-0.4360513568612458,
		0.023092976882159916,
		-0.89962543794525196,
		0.0,
		-0.35592283628048904,
		0.91373620584237802,
		0.19597214278266092,
		0.0,
		-0.017285860684237445,
		-0.67124016947773724,
		4.0803185922921843,
		1.0
	],
	"intrinsic" : 
	{
		"height" : 935,
		"intrinsic_matrix" : 
		[
			809.73375253845029,
			0.0,
			0.0,
			0.0,
			809.73375253845029,
			0.0,
			959.5,
			467.0,
			1.0
		],
		"width" : 1920
	},
	"version_major" : 1,
	"version_minor" : 0
}